t_diff,prcp_diff,county
22.5,34.0,01003
67.0,114.0,01005
-2.5,0.0,01009
53.0,43.0,01011
47.5,0.0,01013
8.5,10.0,01017
17.0,0.0,01019
-2.5,-25.0,01021
7.0,0.0,01025
36.5,0.0,01033
8.5,3.0,01035
25.0,0.0,01037
0.0,0.0,01039
47.5,0.0,01041
36.5,0.0,01043
14.0,3.0,01045
9.5,0.0,01047
-8.5,0.0,01049
22.0,0.0,01051
9.0,3.0,01053
-5.5,0.0,01055
-6.0,0.0,01059
-8.0,190.0,01061
0.0,0.0,01065
-11.5,0.0,01071
0.0,0.0,01073
52.5,0.0,01077
16.5,0.0,01079
49.5,0.0,01081
30.5,0.0,01083
-2.5,0.0,01089
39.0,0.0,01093
22.0,0.0,01095
11.5,41.0,01097
13.5,3.0,01101
22.5,0.0,01103
5.5,0.0,01107
56.0,102.0,01109
27.5,0.0,01111
8.5,0.0,01117
10.5,0.0,01119
58.5,0.0,01121
19.5,0.0,01123
8.0,0.0,01125
8.5,0.0,01127
-9.0,0.0,01133
10.0,135.0,02013
-8.0,-53.0,02016
11.0,0.0,02020
-27.5,-13.0,02050
2.5,-3.0,02060
-58.0,25.0,02068
8.5,0.0,02090
11.0,-51.0,02100
0.0,-21.0,02110
-0.5,127.0,02122
-3.0,102.0,02130
-16.5,-35.0,02150
8.0,-36.0,02164
-17.0,-38.0,02170
-37.0,0.0,02180
-8.5,0.0,02185
1.0,7.0,02188
-8.5,23.0,02201
-6.0,813.0,02220
0.0,66.0,02232
58.5,0.0,02240
-8.5,-607.0,02261
-5.5,-15.0,02280
0.0,178.0,02282
27.5,-51.0,02290
-37.0,0.0,04001
-5.0,0.0,04003
-33.5,0.0,04005
-5.5,0.0,04007
-3.0,0.0,04009
-22.5,0.0,04011
-30.5,0.0,04012
-19.5,0.0,04013
-3.0,0.0,04015
-25.5,0.0,04017
8.5,0.0,04019
-5.5,0.0,04021
-3.0,0.0,04023
-24.5,0.0,04025
-19.0,0.0,04027
-11.5,0.0,05001
27.5,0.0,05003
-19.5,0.0,05005
-14.0,0.0,05007
-8.5,0.0,05009
39.0,0.0,05017
2.5,0.0,05019
-11.5,0.0,05021
-8.0,0.0,05023
2.5,0.0,05025
-2.5,0.0,05029
0.0,0.0,05031
16.5,0.0,05033
3.0,0.0,05035
5.5,0.0,05037
2.5,0.0,05039
5.5,0.0,05041
-8.5,0.0,05043
14.0,0.0,05045
-8.5,0.0,05049
-10.5,3.0,05051
-11.0,0.0,05053
-8.5,0.0,05055
6.0,0.0,05057
8.0,0.0,05059
-14.0,0.0,05061
-2.5,0.0,05063
-14.0,0.0,05067
-3.5,0.0,05069
0.0,0.0,05071
-5.5,0.0,05073
22.5,0.0,05077
22.5,0.0,05079
0.0,0.0,05081
-11.0,0.0,05083
8.0,0.0,05085
-8.0,0.0,05087
-22.5,0.0,05089
5.5,0.0,05091
-6.0,0.0,05093
19.5,0.0,05095
2.5,0.0,05097
0.0,0.0,05099
31.0,0.0,05101
8.5,0.0,05103
-25.0,0.0,05105
11.0,0.0,05107
-5.0,0.0,05109
3.0,0.0,05113
3.0,0.0,05115
11.0,0.0,05117
-3.0,0.0,05119
-11.0,0.0,05121
13.5,0.0,05123
2.5,0.0,05125
0.5,0.0,05127
3.0,0.0,05129
2.5,0.0,05131
22.0,0.0,05133
6.0,0.0,05135
-2.5,0.0,05137
28.0,0.0,05139
-16.5,0.0,05141
-11.0,0.0,05143
-0.5,0.0,05145
-11.0,0.0,05149
5.5,0.0,06001
-84.0,0.0,06003
-19.0,0.0,06007
-36.0,0.0,06009
17.0,0.0,06011
-10.5,0.0,06013
-5.5,0.0,06015
-55.0,0.0,06017
-32.5,0.0,06019
-2.5,0.0,06021
2.5,0.0,06023
-9.0,0.0,06025
33.5,0.0,06027
-2.5,0.0,06029
-27.0,0.0,06031
5.5,0.0,06035
-5.0,0.0,06037
0.5,0.0,06039
19.5,0.0,06041
-14.0,0.0,06043
2.0,3.0,06045
3.0,0.0,06047
-44.5,0.0,06049
41.5,8.0,06051
-39.0,0.0,06053
-41.5,0.0,06055
33.5,3.0,06057
8.5,0.0,06059
-5.5,0.0,06061
55.5,0.0,06063
-2.5,0.0,06065
-16.5,0.0,06067
5.5,0.0,06071
-36.0,0.0,06073
-17.0,0.0,06075
-27.0,0.0,06077
-30.5,0.0,06079
-33.5,0.0,06081
-14.0,0.0,06083
-9.0,0.0,06085
13.5,0.0,06087
6.0,0.0,06089
-30.5,0.0,06091
-8.0,0.0,06093
-17.0,0.0,06095
5.0,0.0,06097
-16.5,0.0,06099
11.5,0.0,06103
3.0,0.0,06105
-19.5,0.0,06107
55.5,-8.0,06109
0.5,0.0,06111
-22.5,0.0,06113
0.0,0.0,06115
-55.0,0.0,08001
-5.5,0.0,08003
-44.0,0.0,08005
-0.5,0.0,08007
-52.5,0.0,08009
-27.5,0.0,08011
-49.5,-25.0,08013
-54.0,0.0,08015
-21.5,0.0,08017
-19.0,0.0,08019
-37.0,25.0,08021
-49.0,-25.0,08023
-36.0,3.0,08025
-28.0,0.0,08027
-41.0,-25.0,08029
-27.5,0.0,08031
-47.0,0.0,08033
-36.5,0.0,08035
-26.5,0.0,08037
-44.5,0.0,08039
-61.0,0.0,08041
-53.5,0.0,08043
-39.0,0.0,08045
-52.5,-51.0,08047
5.5,0.0,08049
-47.5,-25.0,08051
19.5,0.0,08053
-22.0,0.0,08055
-55.0,25.0,08057
-64.0,0.0,08059
-16.5,0.0,08061
-33.5,0.0,08063
-52.5,0.0,08065
-22.0,0.0,08067
-38.5,-25.0,08069
-33.5,0.0,08071
-22.5,0.0,08073
-13.5,0.0,08075
3.0,0.0,08077
-45.5,0.0,08079
28.0,0.0,08081
-11.0,0.0,08083
14.0,0.0,08085
-19.0,0.0,08087
-16.0,0.0,08089
5.0,0.0,08091
-54.5,0.0,08093
-24.5,0.0,08095
-8.0,0.0,08097
-14.0,0.0,08099
-39.0,0.0,08101
-36.0,-25.0,08103
8.5,0.0,08105
-23.0,-25.0,08107
-35.5,-25.0,08109
-42.5,0.0,08111
-46.0,25.0,08113
-14.0,0.0,08115
-58.0,0.0,08117
-125.5,0.0,08119
-52.5,0.0,08121
-36.0,0.0,08123
-3.0,0.0,08125
16.5,0.0,09001
36.5,0.0,09003
39.0,0.0,09005
25.0,0.0,09009
47.0,0.0,09011
41.5,0.0,09013
14.0,0.0,09015
44.5,0.0,10001
13.5,0.0,10003
8.0,0.0,10005
55.5,0.0,11001
72.5,25.0,12001
92.0,-84.0,12003
28.0,83.0,12005
53.5,0.0,12009
5.5,0.0,12011
33.5,0.0,12015
30.0,0.0,12017
12.0,0.0,12021
3.0,0.0,12027
63.5,59.0,12029
44.0,58.0,12031
14.0,30.0,12033
42.0,-61.0,12035
38.5,5.0,12037
2.5,0.0,12043
25.0,71.0,12045
67.0,-193.0,12047
5.5,0.0,12049
-13.5,0.0,12051
52.5,-13.0,12053
43.5,0.0,12055
52.5,0.0,12057
55.5,114.0,12059
24.5,0.0,12063
77.5,132.0,12065
75.0,-3.0,12069
13.5,0.0,12071
86.0,279.0,12073
83.5,-7.0,12079
38.5,-10.0,12081
41.5,-56.0,12083
8.5,0.0,12085
8.0,-15.0,12086
5.5,0.0,12087
16.5,23.0,12091
8.0,0.0,12093
55.0,0.0,12095
19.5,5.0,12097
17.0,0.0,12099
47.5,-3.0,12101
64.0,3.0,12103
52.5,-5.0,12105
39.0,-40.0,12107
58.5,20.0,12109
9.0,-30.0,12111
17.0,10.0,12113
11.0,-15.0,12115
36.0,0.0,12117
61.5,0.0,12119
49.5,127.0,12121
13.5,142.0,12123
11.5,0.0,12127
75.0,341.0,12133
22.5,168.0,13005
25.5,23.0,13007
69.5,117.0,13009
61.0,0.0,13011
5.5,0.0,13015
25.0,3.0,13021
75.0,203.0,13025
61.0,167.0,13031
28.0,226.0,13033
37.0,100.0,13039
28.5,53.0,13043
55.5,0.0,13045
83.5,-20.0,13049
28.0,104.0,13051
61.5,0.0,13055
58.5,71.0,13059
53.0,13.0,13063
89.0,124.0,13065
83.5,216.0,13069
103.0,323.0,13071
-31.0,0.0,13073
55.5,5.0,13077
61.0,216.0,13081
5.0,0.0,13089
55.5,0.0,13091
24.5,13.0,13095
61.0,38.0,13105
11.0,0.0,13113
47.0,0.0,13115
47.5,0.0,13117
8.5,0.0,13121
50.0,56.0,13127
80.5,381.0,13131
58.0,84.0,13133
64.0,0.0,13137
47.0,0.0,13139
72.0,36.0,13147
19.0,5.0,13153
55.5,0.0,13157
25.0,-3.0,13159
61.5,147.0,13163
58.5,271.0,13167
69.5,325.0,13175
75.0,368.0,13177
69.5,69.0,13185
69.5,31.0,13191
64.0,91.0,13195
86.0,328.0,13205
55.0,0.0,13213
14.5,0.0,13215
27.0,0.0,13219
52.5,84.0,13221
52.5,0.0,13223
55.5,0.0,13227
86.0,-152.0,13229
52.5,0.0,13233
25.0,330.0,13235
64.0,180.0,13239
72.5,0.0,13241
0.0,483.0,13243
52.5,0.0,13245
80.5,0.0,13253
72.5,0.0,13257
72.5,0.0,13261
53.0,0.0,13263
80.5,158.0,13277
-61.0,-1499.0,13291
52.5,0.0,13293
33.5,0.0,13295
119.5,114.0,13299
55.5,0.0,13301
72.0,248.0,13303
47.5,0.0,13311
30.5,43.0,13317
80.0,450.0,13321
2.5,0.0,15001
5.5,0.0,15003
8.0,0.0,15007
3.0,61.0,15009
-2.5,0.0,16001
28.0,0.0,16003
-15.0,26.0,16005
-33.5,0.0,16007
16.5,0.0,16009
-36.0,0.0,16011
13.5,0.0,16013
58.0,0.0,16015
-24.5,102.0,16017
-3.0,0.0,16019
39.0,0.0,16021
-33.5,0.0,16023
-30.0,0.0,16025
-7.5,0.0,16029
-26.0,25.0,16031
-19.5,0.0,16033
16.5,0.0,16035
-6.5,0.0,16037
0.0,0.0,16039
-11.5,0.0,16041
2.5,51.0,16043
52.5,0.0,16045
-29.5,0.0,16049
-22.5,0.0,16051
-58.5,0.0,16053
16.5,0.0,16055
2.0,0.0,16057
31.0,0.0,16059
28.0,0.0,16061
-16.5,0.0,16063
-19.0,0.0,16065
-58.5,0.0,16067
11.0,0.0,16069
-19.5,0.0,16071
-8.5,-51.0,16073
-33.0,0.0,16077
-17.0,0.0,16079
-41.5,0.0,16081
11.5,0.0,16083
-10.0,0.0,16085
41.5,0.0,16087
-8.5,0.0,17001
-11.0,0.0,17011
5.5,0.0,17015
-11.0,0.0,17019
-11.5,0.0,17021
-8.0,0.0,17023
5.5,0.0,17025
-14.0,0.0,17027
-19.0,0.0,17029
5.5,0.0,17031
-25.0,0.0,17033
-1.0,0.0,17037
-3.0,0.0,17041
-5.0,0.0,17043
-8.5,0.0,17045
-11.0,0.0,17049
-3.0,0.0,17053
-24.5,0.0,17055
-14.0,0.0,17061
-11.0,0.0,17063
-14.0,0.0,17067
5.0,0.0,17073
-11.0,0.0,17077
-25.5,0.0,17079
-11.0,0.0,17081
-2.5,0.0,17083
-3.0,0.0,17085
-11.5,0.0,17089
-14.5,0.0,17095
-16.5,0.0,17097
-11.5,0.0,17099
-11.5,0.0,17101
-8.5,0.0,17103
0.0,0.0,17105
-16.5,0.0,17107
-8.5,0.0,17109
0.5,0.0,17111
3.0,0.0,17113
-16.5,0.0,17115
-14.0,0.0,17121
-5.5,0.0,17129
-3.0,0.0,17131
-25.0,0.0,17135
2.5,0.0,17137
-6.0,0.0,17139
8.0,0.0,17141
-11.0,0.0,17143
-25.0,0.0,17145
-13.5,0.0,17149
-13.5,0.0,17151
-8.0,0.0,17155
-8.5,0.0,17159
22.0,0.0,17161
-30.5,0.0,17163
-8.0,0.0,17167
-8.5,0.0,17169
-3.0,0.0,17173
0.0,0.0,17177
-11.5,0.0,17183
-6.0,0.0,17187
-16.5,0.0,17189
-11.5,0.0,17191
2.5,0.0,17193
-5.5,0.0,17195
0.0,0.0,17197
0.0,0.0,17201
8.5,0.0,17203
13.5,0.0,18001
-18.5,0.0,18003
-22.0,0.0,18005
11.5,0.0,18009
-22.0,0.0,18011
8.0,0.0,18017
-27.5,0.0,18023
-11.0,0.0,18027
-22.5,0.0,18031
17.0,0.0,18033
-27.0,0.0,18035
-25.0,0.0,18037
-33.5,0.0,18039
-11.0,0.0,18047
11.0,0.0,18049
-28.0,0.0,18051
8.5,0.0,18053
-2.5,0.0,18057
5.5,0.0,18059
5.5,0.0,18063
8.5,0.0,18065
8.5,0.0,18067
11.0,0.0,18069
0.0,0.0,18073
8.5,0.0,18075
-5.5,0.0,18079
-19.0,0.0,18083
-27.5,0.0,18085
0.0,0.0,18089
-33.0,0.0,18091
-10.5,0.0,18093
-28.0,0.0,18095
-27.5,0.0,18097
11.0,0.0,18099
-19.5,0.0,18101
-11.0,0.0,18105
2.5,0.0,18107
-0.5,0.0,18109
2.5,0.0,18117
-3.0,0.0,18119
-22.0,0.0,18121
-11.0,0.0,18125
3.0,0.0,18127
24.5,0.0,18131
-19.0,0.0,18135
0.0,0.0,18141
0.0,0.0,18145
-3.0,0.0,18149
0.0,0.0,18151
-27.5,0.0,18153
-2.5,0.0,18157
5.5,0.0,18159
-16.5,0.0,18163
-0.5,0.0,18165
-22.0,0.0,18167
8.0,0.0,18169
-14.0,0.0,18173
-17.0,0.0,18177
14.0,0.0,18179
8.0,0.0,18181
11.0,0.0,18183
-11.0,0.0,19007
-53.0,0.0,19009
-5.0,0.0,19011
41.0,0.0,19013
-28.0,0.0,19015
-19.5,0.0,19017
33.5,0.0,19021
-30.5,0.0,19023
-33.5,0.0,19025
-44.0,0.0,19027
-36.0,0.0,19029
25.0,0.0,19031
-38.5,0.0,19033
-41.5,99.0,19035
-14.0,0.0,19037
-3.0,0.0,19039
14.0,0.0,19041
-0.5,0.0,19043
8.5,0.0,19045
-47.0,0.0,19047
-33.5,0.0,19049
-16.5,0.0,19053
-17.0,0.0,19055
-5.5,0.0,19057
-5.5,0.0,19059
14.0,0.0,19061
16.0,0.0,19063
-8.5,0.0,19065
24.5,0.0,19067
-36.0,0.0,19069
-33.5,0.0,19071
-25.0,0.0,19073
-14.5,0.0,19075
-30.0,0.0,19077
-25.0,0.0,19079
-39.5,0.0,19081
-24.5,0.0,19083
-33.0,0.0,19085
-19.5,-10.0,19087
-17.0,0.0,19089
-44.5,0.0,19091
-22.0,0.0,19093
-16.5,0.0,19095
-14.0,0.0,19097
-25.0,0.0,19099
-17.0,0.0,19101
30.0,0.0,19103
-8.5,0.0,19105
-11.0,0.0,19107
-22.0,0.0,19109
-13.5,0.0,19111
-19.5,0.0,19113
-5.5,0.0,19115
-0.5,0.0,19117
-33.0,0.0,19119
-8.5,0.0,19123
-16.5,0.0,19125
-22.5,0.0,19127
-41.5,0.0,19129
-19.5,0.0,19131
-35.5,0.0,19133
-19.5,0.0,19135
-39.0,0.0,19137
-17.0,0.0,19139
-19.5,0.0,19141
-36.0,0.0,19143
-44.5,0.0,19145
-13.5,0.0,19147
-58.5,0.0,19149
-34.0,0.0,19151
16.5,0.0,19153
-41.5,0.0,19155
-8.0,0.0,19157
-13.5,0.0,19159
-47.5,0.0,19161
19.5,0.0,19163
-0.5,0.0,19165
-50.0,0.0,19167
21.5,0.0,19169
-14.0,0.0,19171
-30.5,0.0,19173
-33.0,0.0,19175
8.5,0.0,19177
17.0,0.0,19179
-19.0,0.0,19181
-11.0,0.0,19183
-13.5,0.0,19185
-25.0,0.0,19187
22.0,0.0,19191
13.5,0.0,19193
19.5,0.0,19195
-14.5,0.0,20001
-11.0,0.0,20003
-16.5,0.0,20007
-11.0,0.0,20009
-14.5,0.0,20011
-3.0,0.0,20013
-14.0,0.0,20015
-5.5,0.0,20017
-14.0,0.0,20019
-9.0,0.0,20021
-22.0,0.0,20023
-5.5,0.0,20025
-11.5,0.0,20027
-14.0,0.0,20029
-5.5,0.0,20031
-30.0,0.0,20033
-17.0,0.0,20035
-2.5,0.0,20037
-19.5,0.0,20039
-5.5,0.0,20041
-8.0,0.0,20043
-8.0,0.0,20045
-36.5,0.0,20049
-17.0,0.0,20051
-14.0,0.0,20053
-27.5,0.0,20055
-19.0,0.0,20057
2.5,0.0,20059
0.0,0.0,20061
-31.0,0.0,20063
-2.5,0.0,20065
-16.5,0.0,20067
-14.0,0.0,20069
-19.5,0.0,20071
-5.5,0.0,20073
-14.0,0.0,20075
-17.0,0.0,20077
-8.5,0.0,20079
-24.5,0.0,20081
-11.0,0.0,20083
-8.5,0.0,20085
0.0,0.0,20087
-33.5,0.0,20089
-17.0,0.0,20091
-14.0,0.0,20093
-8.5,0.0,20095
8.0,0.0,20097
-8.0,0.0,20099
-16.5,0.0,20101
8.5,0.0,20103
-17.0,0.0,20105
-19.5,0.0,20109
-5.5,0.0,20111
-11.0,0.0,20113
-11.5,0.0,20115
-27.5,0.0,20117
-5.5,0.0,20121
-19.5,0.0,20123
-17.0,0.0,20125
-5.5,0.0,20127
-33.5,0.0,20129
-16.5,0.0,20131
-19.5,0.0,20133
-19.5,0.0,20135
28.0,0.0,20137
3.0,0.0,20139
-27.5,0.0,20141
-14.0,0.0,20143
-16.5,0.0,20145
-5.5,0.0,20149
-8.5,0.0,20151
-22.0,0.0,20153
-8.5,0.0,20155
-28.5,0.0,20157
-8.0,0.0,20159
-22.0,0.0,20161
-20.0,0.0,20163
-14.5,0.0,20165
-17.0,0.0,20167
-13.5,0.0,20169
-19.5,0.0,20171
-11.5,0.0,20173
-8.5,0.0,20175
-17.0,0.0,20177
-16.5,0.0,20179
-28.0,0.0,20181
-25.5,0.0,20183
-30.5,0.0,20185
-28.0,0.0,20187
-36.5,0.0,20189
-19.5,0.0,20191
-33.0,0.0,20193
-19.5,0.0,20195
-2.5,0.0,20197
-27.5,0.0,20199
-27.5,0.0,20201
-8.0,0.0,20205
-8.5,0.0,20207
0.0,0.0,20209
3.0,0.0,21003
-8.5,0.0,21009
-8.5,0.0,21015
-3.0,0.0,21021
0.0,0.0,21025
-11.0,0.0,21027
-6.0,0.0,21035
25.0,0.0,21043
-6.0,0.0,21047
-44.0,0.0,21051
0.0,0.0,21061
16.5,0.0,21063
8.5,0.0,21065
-3.0,0.0,21067
5.5,0.0,21069
-0.5,0.0,21073
-2.5,0.0,21077
-39.0,0.0,21085
2.5,0.0,21087
5.5,0.0,21089
-8.5,0.0,21091
-5.5,0.0,21097
2.5,0.0,21099
-11.0,0.0,21101
-13.5,0.0,21107
0.0,0.0,21111
31.0,0.0,21115
-5.5,0.0,21125
8.5,0.0,21129
55.5,0.0,21133
-9.0,0.0,21139
-13.5,0.0,21143
-2.5,0.0,21145
-11.0,0.0,21149
-14.0,0.0,21157
50.5,0.0,21159
-11.5,0.0,21163
5.0,0.0,21165
28.0,0.0,21169
11.0,0.0,21173
-5.5,0.0,21179
-14.0,0.0,21183
30.5,0.0,21189
31.0,0.0,21193
14.5,0.0,21197
16.5,0.0,21199
2.5,0.0,21203
0.0,0.0,21205
-11.0,0.0,21207
-11.0,0.0,21215
3.5,0.0,21219
-24.5,0.0,21225
0.0,0.0,21227
33.5,0.0,21235
-2.0,0.0,21239
22.0,41.0,22001
22.5,23.0,22003
33.0,56.0,22007
19.5,5.0,22011
-3.0,0.0,22013
22.5,0.0,22015
11.5,0.0,22017
-3.0,23.0,22019
19.0,0.0,22021
22.0,56.0,22023
28.0,0.0,22027
22.5,0.0,22029
19.5,56.0,22033
25.0,0.0,22035
22.5,0.0,22037
22.5,0.0,22041
28.0,51.0,22045
5.5,73.0,22047
16.5,144.0,22051
19.5,55.0,22053
0.0,58.0,22055
24.5,216.0,22057
25.0,0.0,22059
27.5,0.0,22061
10.5,0.0,22065
24.5,0.0,22069
19.5,73.0,22071
56.0,0.0,22073
22.0,-31.0,22075
0.0,0.0,22079
22.5,0.0,22083
25.5,0.0,22085
5.5,41.0,22097
3.5,113.0,22099
30.5,162.0,22101
28.0,104.0,22103
-12.0,0.0,22111
25.0,25.0,22113
-2.5,0.0,22115
14.0,0.0,22119
-2.5,13.0,22125
8.0,0.0,23001
44.5,0.0,23003
14.0,3.0,23005
28.0,-5.0,23007
19.5,0.0,23009
22.0,0.0,23011
-8.0,3.0,23013
22.5,0.0,23015
-3.0,0.0,23017
24.0,0.0,23019
25.0,0.0,23021
-11.0,0.0,23023
16.5,0.0,23025
13.5,0.0,23027
5.5,0.0,23029
8.5,-5.0,23031
36.5,0.0,24001
0.0,0.0,24003
50.5,0.0,24021
30.5,0.0,24023
19.5,53.0,24025
-8.5,0.0,24031
69.5,0.0,24033
41.5,0.0,24035
21.5,0.0,24037
36.5,0.0,24041
50.0,0.0,24043
16.0,0.0,24045
44.5,0.0,24047
88.5,0.0,24510
25.0,0.0,25001
0.0,0.0,25003
22.5,0.0,25005
28.0,3.0,25007
25.5,0.0,25009
44.5,0.0,25011
-14.5,0.0,25013
30.0,-3.0,25015
3.0,0.0,25017
17.0,8.0,25019
14.0,0.0,25021
20.0,0.0,25023
27.5,0.0,25025
2.5,0.0,25027
2.5,0.0,26001
-48.0,2.0,26003
-19.5,0.0,26005
16.5,2.0,26007
11.5,0.0,26011
-5.5,13.0,26013
-30.5,0.0,26019
-25.0,0.0,26021
-27.5,0.0,26023
5.5,0.0,26025
-5.5,0.0,26027
-25.0,51.0,26029
-3.0,20.0,26031
-2.5,5.0,26033
8.5,8.0,26037
-41.5,3.0,26039
11.0,3.0,26041
0.0,10.0,26045
-2.5,10.0,26047
11.0,-3.0,26049
8.5,0.0,26051
5.5,3.0,26055
8.5,5.0,26057
8.0,3.0,26059
-28.0,0.0,26060
-11.0,43.0,26061
-19.5,0.0,26063
-27.5,10.0,26065
8.5,0.0,26069
16.5,3.0,26071
5.5,0.0,26073
-22.0,0.0,26075
-24.5,0.0,26077
5.5,0.0,26079
3.0,0.0,26081
-27.0,3.0,26083
5.0,2.0,26087
-9.0,10.0,26089
11.5,0.0,26091
-28.0,3.0,26093
0.5,0.0,26095
0.0,0.0,26097
-25.0,0.0,26099
-28.0,0.0,26101
-8.5,0.0,26103
-5.5,-5.0,26107
-28.0,0.0,26111
-0.5,0.0,26113
8.5,0.0,26115
-27.5,0.0,26117
8.0,3.0,26119
-36.5,0.0,26121
5.5,0.0,26123
11.0,-3.0,26125
-0.5,0.0,26127
-0.5,0.0,26129
11.5,5.0,26131
3.0,2.0,26133
0.0,8.0,26135
-43.0,18.0,26137
2.5,-20.0,26139
5.5,8.0,26141
-39.0,18.0,26143
-27.0,0.0,26145
-14.0,5.0,26147
5.5,0.0,26149
25.0,-13.0,26151
2.5,0.0,26153
8.5,-5.0,26155
11.0,0.0,26157
-5.5,0.0,26159
5.0,0.0,26161
11.5,0.0,26163
2.5,0.0,26165
-28.0,0.0,27001
-47.0,0.0,27003
-41.5,0.0,27005
-30.5,0.0,27007
-19.5,0.0,27009
5.5,0.0,27013
-31.0,5.0,27017
2.5,0.0,27019
-22.0,0.0,27021
-5.5,0.0,27023
-22.0,0.0,27025
-14.5,0.0,27027
-11.0,0.0,27029
-22.0,0.0,27031
2.5,0.0,27035
-14.0,0.0,27041
-39.0,0.0,27043
30.5,0.0,27045
-25.0,0.0,27047
-33.5,0.0,27049
0.0,0.0,27053
-14.5,0.0,27055
-5.0,0.0,27057
-13.5,0.0,27059
-19.5,0.0,27061
-44.5,0.0,27063
-33.0,0.0,27065
-42.0,0.0,27067
0.5,0.0,27069
6.0,0.0,27071
-11.0,0.0,27073
-22.0,0.0,27075
-42.0,0.0,27077
-28.0,0.0,27083
-50.0,0.0,27085
-19.0,0.0,27089
-44.5,0.0,27091
-30.5,0.0,27093
-33.5,0.0,27095
-28.0,0.0,27099
-33.5,0.0,27101
-33.5,0.0,27103
-41.5,0.0,27105
-22.5,0.0,27107
14.0,0.0,27109
-27.5,0.0,27111
-19.0,0.0,27115
-16.5,0.0,27117
-2.5,0.0,27121
-25.0,0.0,27123
-27.5,0.0,27125
-50.0,0.0,27127
-16.5,0.0,27137
-36.5,0.0,27139
-44.5,0.0,27141
-36.0,0.0,27143
5.5,0.0,27145
-39.0,0.0,27147
-16.5,0.0,27149
-13.5,0.0,27151
-52.5,0.0,27153
-22.5,0.0,27155
3.0,0.0,27157
-30.5,0.0,27161
-41.0,0.0,27163
-33.5,0.0,27165
-16.5,0.0,27167
-22.5,0.0,27171
-44.5,0.0,27173
28.0,13.0,28001
22.0,0.0,28003
33.0,0.0,28007
27.5,0.0,28009
22.0,0.0,28011
39.0,0.0,28013
-8.5,0.0,28015
39.0,0.0,28017
0.0,0.0,28021
36.0,5.0,28023
5.0,0.0,28027
17.0,0.0,28029
22.5,0.0,28033
2.5,3.0,28035
28.0,15.0,28037
45.0,51.0,28045
14.0,97.0,28047
30.5,0.0,28049
36.0,0.0,28053
14.0,74.0,28059
36.0,3.0,28067
33.5,0.0,28071
3.0,0.0,28075
38.5,8.0,28077
33.5,0.0,28081
28.0,0.0,28085
36.0,0.0,28089
33.0,8.0,28091
-3.0,0.0,28093
36.0,0.0,28095
33.5,0.0,28097
33.5,5.0,28101
30.5,0.0,28105
33.5,0.0,28107
33.0,5.0,28109
49.5,0.0,28111
-3.0,23.0,28113
36.0,0.0,28115
28.0,0.0,28117
27.5,0.0,28119
0.0,0.0,28121
17.0,0.0,28125
28.0,0.0,28127
30.5,5.0,28129
22.0,5.0,28131
30.0,0.0,28133
33.5,0.0,28137
0.0,0.0,28143
22.5,0.0,28149
-8.0,0.0,28151
36.0,0.0,28153
27.5,0.0,28159
39.0,0.0,28161
39.0,0.0,28163
0.5,0.0,29001
-8.0,0.0,29003
-36.5,0.0,29005
-11.5,0.0,29009
-22.5,0.0,29011
-3.0,0.0,29013
-10.5,0.0,29015
-19.5,0.0,29017
-19.5,0.0,29019
3.0,0.0,29021
-2.5,0.0,29023
8.5,0.0,29025
-24.5,0.0,29027
-14.0,0.0,29031
-2.5,0.0,29033
3.0,0.0,29037
-13.5,0.0,29039
-6.0,0.0,29041
-5.5,0.0,29043
-14.0,0.0,29051
-8.0,0.0,29057
-28.5,0.0,29059
-6.0,0.0,29061
-11.0,0.0,29063
-45.5,0.0,29065
-11.5,0.0,29067
-10.5,0.0,29071
-16.5,0.0,29073
-17.0,0.0,29075
-33.5,0.0,29077
-11.0,0.0,29079
-19.5,0.0,29081
-3.0,0.0,29083
-3.0,0.0,29085
-11.0,0.0,29087
-11.5,0.0,29089
-27.5,0.0,29091
-2.5,0.0,29093
0.5,0.0,29095
-36.5,0.0,29097
-22.5,0.0,29099
-2.5,0.0,29101
-33.5,0.0,29105
-5.5,0.0,29107
-8.5,0.0,29111
-28.0,0.0,29113
-14.0,0.0,29115
11.5,0.0,29117
-0.5,0.0,29119
-16.5,0.0,29123
-31.0,0.0,29125
-8.5,0.0,29127
-16.5,0.0,29129
-28.0,0.0,29131
-16.5,0.0,29135
-28.0,0.0,29141
-6.0,0.0,29145
-20.0,0.0,29147
-11.0,0.0,29151
-6.0,0.0,29153
-11.0,0.0,29157
-8.5,0.0,29159
-11.0,0.0,29161
-8.5,0.0,29163
-19.0,0.0,29165
-11.0,0.0,29167
-19.5,0.0,29169
-6.0,0.0,29171
-8.0,0.0,29173
30.5,0.0,29175
-3.0,0.0,29177
-25.0,0.0,29181
-11.0,0.0,29183
-5.5,0.0,29185
-28.0,0.0,29187
-27.5,0.0,29189
-5.5,0.0,29195
-11.0,0.0,29197
-11.5,0.0,29199
-8.0,0.0,29201
-14.0,0.0,29203
-5.5,0.0,29205
-3.0,0.0,29209
-11.5,0.0,29211
-11.0,0.0,29213
0.0,0.0,29215
-3.0,0.0,29217
-22.0,0.0,29219
-16.5,0.0,29221
-2.5,0.0,29223
-11.0,0.0,29225
-16.5,0.0,29227
-11.5,0.0,29229
-30.5,0.0,29510
-10.0,2.0,30001
19.0,0.0,30003
17.0,0.0,30005
5.5,0.0,30007
6.5,0.0,30009
8.0,0.0,30011
-19.5,0.0,30013
64.5,0.0,30015
-13.5,0.0,30017
11.0,0.0,30019
-3.0,0.0,30021
-12.0,0.0,30023
19.5,0.0,30025
42.0,0.0,30027
-70.0,0.0,30029
-16.5,0.0,30031
25.0,0.0,30033
44.5,0.0,30035
-41.5,0.0,30037
-1.5,25.0,30039
11.0,0.0,30041
2.5,0.0,30043
-11.0,0.0,30045
16.0,0.0,30047
-34.0,-25.0,30049
13.5,0.0,30051
8.5,0.0,30053
38.5,0.0,30055
24.0,0.0,30057
-8.5,0.0,30059
-45.0,0.0,30061
15.5,0.0,30063
11.0,0.0,30065
-43.0,0.0,30067
-11.0,0.0,30069
-5.5,0.0,30071
50.0,0.0,30073
11.0,0.0,30075
39.0,0.0,30077
-17.0,0.0,30079
33.5,0.0,30081
42.0,0.0,30083
31.0,0.0,30085
52.5,0.0,30087
-47.5,0.0,30089
22.0,0.0,30091
-26.0,51.0,30093
25.5,0.0,30095
-28.0,0.0,30097
-2.0,0.0,30099
53.0,0.0,30101
-8.5,0.0,30103
47.0,0.0,30105
11.0,0.0,30107
17.0,0.0,30109
-2.5,0.0,30111
-14.0,0.0,31001
-66.5,0.0,31003
-13.5,0.0,31005
-33.5,0.0,31007
-30.5,0.0,31009
-58.0,0.0,31011
-17.0,0.0,31013
8.0,0.0,31015
-17.0,0.0,31017
-44.5,0.0,31019
-13.5,0.0,31021
-25.0,0.0,31023
-25.0,0.0,31027
-42.0,0.0,31029
0.0,0.0,31031
-20.0,0.0,31033
-33.5,0.0,31035
-36.0,0.0,31037
-33.5,0.0,31039
-50.5,0.0,31041
-14.0,0.0,31045
-22.5,0.0,31047
-11.0,0.0,31049
-53.0,0.0,31053
6.0,0.0,31055
-33.0,0.0,31057
-11.5,0.0,31059
-30.5,0.0,31061
-25.0,0.0,31063
-33.0,0.0,31065
-8.0,0.0,31069
-50.5,0.0,31071
-33.0,0.0,31073
-34.5,0.0,31075
-33.5,0.0,31077
-16.5,0.0,31079
-27.5,0.0,31083
-28.0,0.0,31085
-25.0,0.0,31087
-58.5,0.0,31089
-30.5,0.0,31091
-30.5,0.0,31095
-39.0,0.0,31097
-33.0,0.0,31099
-19.5,0.0,31101
-52.5,0.0,31103
-30.5,0.0,31105
-66.5,0.0,31107
8.5,0.0,31109
-25.0,0.0,31111
-20.0,0.0,31113
-41.5,0.0,31115
2.5,0.0,31119
-36.0,0.0,31121
-14.0,0.0,31123
5.5,0.0,31125
-0.5,0.0,31127
-27.5,0.0,31129
-47.5,0.0,31131
-22.0,0.0,31133
-25.0,0.0,31135
-33.0,0.0,31137
-11.0,0.0,31141
-36.0,0.0,31143
-22.5,0.0,31145
-9.0,0.0,31147
-61.0,0.0,31149
-33.5,0.0,31151
-41.5,0.0,31153
-44.5,0.0,31155
-58.0,-28.0,31157
-39.0,0.0,31159
-38.5,0.0,31161
-52.5,0.0,31163
-33.5,0.0,31165
-39.0,0.0,31167
-39.0,0.0,31169
-30.0,0.0,31173
5.5,0.0,31175
-36.5,0.0,31177
-38.5,0.0,31179
-35.5,0.0,31181
-36.5,0.0,31185
11.0,0.0,32001
-19.5,0.0,32003
47.0,0.0,32005
-4.5,0.0,32007
28.0,0.0,32009
-30.5,0.0,32011
-38.5,0.0,32013
16.5,0.0,32015
-5.5,0.0,32017
3.0,0.0,32019
-24.5,0.0,32021
0.0,0.0,32023
-11.5,0.0,32027
14.0,94.0,32029
-8.5,0.0,32031
5.5,0.0,32033
11.0,0.0,32510
11.0,0.0,33001
13.5,-5.0,33003
11.0,0.0,33005
11.0,0.0,33007
16.5,10.0,33009
19.5,0.0,33011
16.0,0.0,33013
25.0,0.0,33015
8.5,0.0,33017
19.0,0.0,33019
67.0,0.0,34001
11.0,0.0,34003
14.0,0.0,34005
63.5,0.0,34007
0.0,0.0,34009
8.5,0.0,34011
11.0,0.0,34013
44.5,0.0,34019
47.0,0.0,34021
50.0,0.0,34023
41.0,5.0,34025
42.0,0.0,34027
33.5,0.0,34031
21.5,0.0,34035
33.5,0.0,34037
25.0,0.0,34039
-5.5,0.0,35001
-24.0,0.0,35003
-8.5,5.0,35005
11.0,0.0,35006
-47.5,0.0,35007
-22.5,0.0,35009
-19.0,0.0,35011
14.0,0.0,35013
-14.0,-20.0,35015
-38.0,0.0,35017
-2.5,-15.0,35019
-33.0,0.0,35021
2.5,0.0,35023
42.0,0.0,35025
8.5,0.0,35027
-13.5,0.0,35028
4.5,0.0,35029
-3.0,0.0,35031
-50.0,0.0,35033
19.5,0.0,35035
-10.5,0.0,35037
-18.0,-25.0,35039
-25.5,8.0,35041
-41.0,25.0,35043
11.0,0.0,35045
-38.5,0.0,35047
17.0,0.0,35049
0.0,0.0,35051
14.0,0.0,35053
-46.5,0.0,35055
-22.0,3.0,35057
-61.0,0.0,35059
25.0,0.0,35061
11.0,3.0,36001
19.5,5.0,36003
27.5,5.0,36007
25.0,5.0,36009
16.0,-13.0,36011
19.5,-43.0,36013
28.0,0.0,36015
33.0,0.0,36017
2.5,-5.0,36019
50.5,5.0,36025
18.0,0.0,36027
19.5,-43.0,36029
22.5,51.0,36031
3.0,2.0,36033
31.0,-18.0,36035
5.0,0.0,36037
47.0,-5.0,36039
20.0,0.0,36041
11.0,-31.0,36045
19.5,-36.0,36049
14.0,3.0,36051
33.5,-3.0,36053
11.0,5.0,36055
11.5,0.0,36061
13.5,-5.0,36063
6.0,2.0,36065
36.0,0.0,36067
25.5,5.0,36069
16.5,0.0,36071
30.5,0.0,36073
30.5,-2.0,36075
8.0,13.0,36077
39.0,0.0,36079
14.0,0.0,36081
22.5,0.0,36083
5.5,-13.0,36089
13.5,0.0,36091
22.5,0.0,36093
11.0,-5.0,36095
30.5,20.0,36097
25.0,2.0,36101
22.0,0.0,36103
41.5,-8.0,36105
19.5,0.0,36107
28.0,-7.0,36109
33.0,0.0,36111
17.0,0.0,36113
44.5,0.0,36119
33.5,-43.0,36121
-8.5,10.0,36123
61.0,3.0,37001
60.5,0.0,37003
64.0,0.0,37009
69.0,0.0,37011
36.0,0.0,37013
41.5,0.0,37015
75.5,165.0,37017
83.5,160.0,37019
49.5,0.0,37021
72.5,0.0,37023
69.5,30.0,37025
58.0,0.0,37027
58.0,13.0,37029
47.5,56.0,37031
24.5,0.0,37035
25.0,0.0,37037
61.0,0.0,37039
61.0,0.0,37041
83.0,18.0,37045
64.0,216.0,37047
75.0,160.0,37049
102.5,84.0,37051
50.5,41.0,37055
13.5,0.0,37057
77.5,15.0,37059
77.5,178.0,37061
75.0,122.0,37065
61.5,0.0,37067
84.0,112.0,37069
55.0,0.0,37071
74.5,0.0,37075
55.5,356.0,37079
41.5,0.0,37081
36.0,0.0,37085
69.5,0.0,37087
8.0,0.0,37089
45.0,165.0,37091
58.5,69.0,37095
72.5,5.0,37097
88.5,0.0,37099
22.5,0.0,37101
61.0,10.0,37105
80.5,36.0,37107
78.0,8.0,37109
14.0,0.0,37111
77.5,0.0,37113
58.5,0.0,37115
75.5,69.0,37117
46.5,0.0,37119
55.5,0.0,37121
-14.5,0.0,37125
41.5,0.0,37127
80.5,160.0,37129
84.0,434.0,37131
33.5,180.0,37133
75.0,43.0,37135
74.5,89.0,37137
41.5,0.0,37139
83.5,145.0,37141
70.0,18.0,37145
42.0,0.0,37147
64.0,0.0,37151
46.5,0.0,37153
50.0,5.0,37155
86.5,0.0,37157
53.0,0.0,37159
47.0,0.0,37161
17.0,0.0,37163
61.0,48.0,37165
8.0,38.0,37167
58.5,0.0,37169
61.5,0.0,37171
83.5,0.0,37173
72.0,0.0,37175
78.0,63.0,37177
63.5,38.0,37179
44.5,0.0,37181
75.0,142.0,37183
81.0,0.0,37185
61.0,13.0,37187
60.5,0.0,37189
74.5,71.0,37191
69.0,0.0,37193
38.5,0.0,37195
81.0,0.0,37197
8.0,0.0,37199
19.0,0.0,38001
-25.0,0.0,38005
11.5,0.0,38007
-33.5,0.0,38009
-44.5,0.0,38011
21.0,0.0,38013
-36.0,0.0,38015
-14.0,0.0,38017
-11.0,0.0,38021
-8.5,0.0,38023
-33.5,0.0,38025
-24.5,0.0,38029
-3.0,0.0,38031
-19.5,0.0,38035
-19.5,0.0,38037
14.0,0.0,38041
8.5,0.0,38043
-17.0,0.0,38045
-22.5,0.0,38049
8.5,0.0,38051
-3.0,0.0,38053
-14.0,0.0,38055
-35.5,0.0,38059
31.0,0.0,38061
0.0,0.0,38063
0.0,0.0,38065
-47.0,0.0,38067
-30.5,0.0,38069
25.0,0.0,38071
-25.0,0.0,38073
-27.5,0.0,38077
-58.5,0.0,38079
-8.0,0.0,38081
-5.5,0.0,38083
28.0,0.0,38089
9.0,0.0,38093
-33.5,0.0,38097
-28.0,0.0,38101
22.5,0.0,38103
19.0,0.0,38105
8.0,0.0,39003
16.5,0.0,39007
0.0,0.0,39015
-14.0,0.0,39017
-6.0,0.0,39021
-5.5,0.0,39023
-8.0,0.0,39027
5.5,0.0,39031
5.5,0.0,39033
-5.5,0.0,39035
-22.5,0.0,39037
-16.5,0.0,39039
-6.0,0.0,39043
-5.5,0.0,39045
-5.5,0.0,39047
-5.5,0.0,39049
19.5,0.0,39051
19.0,0.0,39055
-5.5,0.0,39057
-6.0,0.0,39059
0.0,0.0,39061
-19.5,0.0,39063
11.5,0.0,39071
11.0,0.0,39073
11.0,0.0,39075
11.0,0.0,39077
3.5,0.0,39083
-2.5,0.0,39085
19.5,0.0,39087
11.0,0.0,39089
0.0,0.0,39091
-3.0,0.0,39093
-13.5,0.0,39095
-5.5,0.0,39097
-3.0,0.0,39101
-17.0,0.0,39107
-16.5,0.0,39109
-8.0,0.0,39113
8.0,0.0,39119
3.0,0.0,39125
11.5,0.0,39127
8.0,0.0,39129
5.0,0.0,39131
-8.5,20.0,39133
-2.5,0.0,39135
-17.0,0.0,39137
3.0,5.0,39139
11.5,0.0,39143
11.5,0.0,39145
0.0,0.0,39149
0.5,0.0,39153
11.0,0.0,39155
3.0,0.0,39157
-11.0,0.0,39159
11.5,0.0,39161
-16.5,0.0,39165
13.5,0.0,39167
0.0,0.0,39169
14.0,0.0,39171
-11.5,0.0,39173
-8.5,0.0,40003
3.0,0.0,40005
-17.0,0.0,40007
-16.5,0.0,40011
2.5,0.0,40013
8.0,0.0,40019
-45.0,0.0,40025
-5.5,0.0,40027
3.0,0.0,40029
-19.5,0.0,40031
-16.5,0.0,40033
-2.5,0.0,40041
-33.0,0.0,40045
-11.5,0.0,40047
-8.0,0.0,40049
-13.5,0.0,40051
-30.5,0.0,40059
-2.5,0.0,40067
-5.5,0.0,40069
-5.5,0.0,40071
0.5,0.0,40075
-3.0,0.0,40079
-11.0,0.0,40081
-39.0,0.0,40083
-5.5,0.0,40085
-25.0,0.0,40087
-2.5,0.0,40089
3.0,0.0,40095
-2.5,0.0,40099
-16.5,0.0,40101
-19.0,0.0,40103
-39.0,0.0,40109
-33.5,0.0,40113
-3.0,0.0,40115
19.5,0.0,40117
-27.5,0.0,40119
0.0,0.0,40121
-3.0,0.0,40123
-22.5,0.0,40125
2.5,0.0,40127
-5.5,0.0,40131
-13.5,0.0,40133
-14.0,0.0,40137
-36.5,0.0,40139
-16.5,0.0,40141
-31.0,0.0,40143
-30.5,0.0,40149
-17.0,0.0,40151
-24.5,0.0,40153
-1.5,0.0,41001
17.0,0.0,41003
19.5,0.0,41005
16.0,0.0,41007
11.0,0.0,41009
24.5,15.0,41011
5.5,0.0,41013
-5.5,0.0,41015
6.0,0.0,41017
8.0,0.0,41019
25.5,0.0,41023
26.0,0.0,41025
21.0,26.0,41027
3.0,0.0,41029
19.5,0.0,41031
-3.0,0.0,41033
16.0,0.0,41035
-22.0,-25.0,41037
-3.0,3.0,41039
11.0,0.0,41041
22.5,0.0,41043
36.0,0.0,41045
3.0,0.0,41047
26.0,0.0,41049
11.0,0.0,41051
8.5,13.0,41053
8.5,0.0,41055
11.0,0.0,41057
8.5,0.0,41059
25.0,0.0,41061
24.5,0.0,41063
13.5,0.0,41065
21.5,0.0,41067
2.5,0.0,41069
22.5,0.0,41071
-6.0,0.0,42001
14.0,0.0,42003
47.5,5.0,42005
13.5,0.0,42007
28.0,0.0,42009
33.5,0.0,42011
-2.5,0.0,42013
19.5,0.0,42015
47.0,0.0,42017
8.5,0.0,42019
2.5,10.0,42021
19.0,3.0,42023
36.5,0.0,42025
22.0,2.0,42027
10.0,0.0,42029
8.0,5.0,42033
25.5,0.0,42035
39.0,0.0,42037
11.0,0.0,42039
30.5,0.0,42041
16.0,0.0,42043
53.0,-3.0,42047
-2.5,66.0,42049
14.0,0.0,42051
19.5,5.0,42053
-2.5,0.0,42055
8.0,0.0,42059
24.5,0.0,42061
13.5,0.0,42063
8.5,13.0,42065
33.5,0.0,42071
8.5,3.0,42073
16.5,0.0,42075
16.0,0.0,42077
11.0,0.0,42079
22.0,5.0,42081
5.0,8.0,42083
31.0,-5.0,42087
11.5,5.0,42089
47.5,0.0,42091
41.5,0.0,42095
30.5,0.0,42097
5.0,0.0,42101
3.0,0.0,42105
30.5,0.0,42107
24.5,0.0,42109
25.0,5.0,42111
30.5,0.0,42113
53.0,-3.0,42117
25.5,0.0,42119
14.5,0.0,42121
22.0,7.0,42123
11.0,0.0,42125
38.5,-5.0,42127
11.0,64.0,42129
44.5,0.0,42133
27.5,0.0,44003
30.5,0.0,44005
25.0,0.0,44007
28.0,0.0,44009
52.5,58.0,45001
81.0,10.0,45007
66.5,224.0,45009
61.0,224.0,45011
41.5,91.0,45013
69.5,295.0,45015
50.0,76.0,45019
61.5,13.0,45023
80.5,25.0,45025
69.5,135.0,45027
41.5,107.0,45029
77.5,102.0,45031
83.5,292.0,45035
58.0,20.0,45037
75.0,165.0,45039
72.0,8.0,45041
50.0,183.0,45043
36.0,0.0,45045
44.5,0.0,45047
53.0,168.0,45049
89.0,30.0,45051
75.5,229.0,45055
72.5,13.0,45059
75.5,38.0,45061
75.0,0.0,45063
53.0,33.0,45065
69.5,140.0,45067
74.5,0.0,45069
69.5,41.0,45071
72.5,0.0,45073
31.0,8.0,45075
80.5,0.0,45077
72.5,3.0,45079
61.0,18.0,45081
74.5,5.0,45083
64.0,86.0,45085
72.0,0.0,45087
69.5,244.0,45089
72.5,46.0,45091
-44.5,0.0,46003
0.5,0.0,46005
-42.0,0.0,46009
-33.5,0.0,46011
-8.0,0.0,46013
-28.0,0.0,46015
-33.0,0.0,46017
11.0,0.0,46019
-5.5,0.0,46021
-19.5,0.0,46023
-42.0,0.0,46025
-24.5,0.0,46027
-25.0,0.0,46029
-16.5,0.0,46031
-16.5,0.0,46033
2.0,0.0,46035
-33.5,0.0,46037
-19.5,0.0,46039
-16.5,0.0,46041
-19.5,0.0,46045
-13.5,0.0,46047
-19.0,0.0,46049
-11.0,0.0,46051
-55.5,0.0,46053
-22.0,0.0,46055
-33.5,0.0,46057
-47.0,0.0,46059
-36.0,0.0,46061
-2.5,0.0,46063
-2.5,0.0,46065
39.0,0.0,46067
-8.0,0.0,46069
-41.5,0.0,46071
-50.0,0.0,46073
-39.0,0.0,46075
-5.5,0.0,46077
-47.0,0.0,46079
-36.5,0.0,46081
11.0,0.0,46083
-19.5,0.0,46085
5.0,0.0,46087
-14.0,0.0,46089
-13.5,0.0,46091
-30.5,0.0,46093
-28.0,0.0,46095
-66.5,0.0,46097
2.5,0.0,46099
-44.5,0.0,46101
-58.0,0.0,46103
5.5,0.0,46105
-39.0,0.0,46107
-14.0,0.0,46109
-50.0,0.0,46111
14.5,0.0,46113
-19.0,0.0,46115
-39.0,0.0,46117
-6.0,0.0,46119
-47.0,0.0,46121
-33.0,0.0,46123
-35.5,0.0,46127
-25.0,0.0,46129
-64.5,0.0,46135
-30.5,0.0,46137
52.5,3.0,47001
-8.5,0.0,47003
0.0,0.0,47005
17.0,0.0,47007
3.0,0.0,47009
8.5,0.0,47011
37.0,0.0,47013
-2.5,0.0,47015
5.0,0.0,47017
67.0,0.0,47019
22.0,0.0,47023
56.0,0.0,47025
8.0,0.0,47029
30.5,0.0,47031
8.0,0.0,47033
-5.5,0.0,47035
16.5,0.0,47037
11.5,0.0,47039
25.0,0.0,47041
0.0,0.0,47043
28.0,0.0,47047
36.5,0.0,47049
-3.0,0.0,47051
14.0,0.0,47053
33.5,0.0,47055
86.0,0.0,47059
22.5,0.0,47061
-0.5,0.0,47063
2.5,0.0,47065
-13.5,0.0,47071
47.0,0.0,47073
14.0,0.0,47075
14.0,0.0,47077
7.5,0.0,47079
16.5,0.0,47081
13.5,0.0,47083
58.5,0.0,47091
8.5,0.0,47093
5.5,0.0,47097
5.5,0.0,47101
8.5,0.0,47103
69.5,0.0,47105
47.0,0.0,47107
33.5,0.0,47109
0.0,0.0,47113
11.0,0.0,47115
30.5,0.0,47117
47.5,0.0,47119
50.0,0.0,47121
-13.5,0.0,47123
5.5,0.0,47125
36.5,0.0,47127
2.5,0.0,47131
8.0,0.0,47135
24.5,0.0,47137
22.5,0.0,47141
50.0,0.0,47143
39.0,0.0,47145
-2.5,0.0,47147
19.0,0.0,47149
30.5,0.0,47151
33.5,0.0,47153
25.0,0.0,47155
16.5,0.0,47157
19.5,0.0,47163
-3.0,0.0,47165
8.0,0.0,47167
94.5,0.0,47171
5.5,0.0,47177
28.0,0.0,47181
-3.0,0.0,47183
72.5,0.0,47185
-3.0,0.0,47187
10.5,0.0,47189
5.5,0.0,48001
19.5,0.0,48003
-2.5,0.0,48005
29.0,-203.0,48007
33.5,0.0,48013
22.5,-3.0,48015
-5.5,25.0,48017
14.0,-33.0,48019
11.0,0.0,48021
5.5,0.0,48023
-8.5,0.0,48027
31.0,-236.0,48029
25.5,-147.0,48031
-25.0,0.0,48033
6.0,0.0,48037
36.0,-94.0,48039
-3.0,-3.0,48041
27.5,38.0,48043
-25.0,0.0,48045
-2.5,0.0,48049
11.0,0.0,48053
11.0,-89.0,48055
36.0,-272.0,48057
-11.5,0.0,48059
28.0,-193.0,48061
-8.0,0.0,48063
-39.5,0.0,48065
-5.5,0.0,48067
-17.0,0.0,48069
22.5,0.0,48071
5.5,0.0,48073
-14.0,0.0,48075
5.5,8.0,48079
-22.5,0.0,48081
0.0,0.0,48083
-2.5,0.0,48085
-17.0,0.0,48087
19.5,-56.0,48089
0.0,0.0,48095
0.0,0.0,48097
-22.0,0.0,48099
-11.0,0.0,48101
5.5,0.0,48103
28.0,0.0,48105
-33.5,0.0,48107
58.5,0.0,48109
-3.0,0.0,48113
-25.5,-64.0,48115
-33.5,0.0,48117
-8.5,0.0,48121
25.0,-59.0,48123
-22.5,0.0,48125
11.0,0.0,48129
61.5,-269.0,48131
-25.0,0.0,48135
-11.5,0.0,48139
10.0,0.0,48141
5.0,0.0,48143
14.0,0.0,48145
-5.5,0.0,48147
-47.0,0.0,48153
3.0,-22.0,48157
8.5,0.0,48159
33.5,-25.0,48163
9.0,15.0,48167
-24.5,0.0,48169
-19.5,-10.0,48171
28.0,-94.0,48177
-22.0,0.0,48179
-2.5,0.0,48181
5.5,0.0,48183
19.0,-25.0,48187
-55.5,0.0,48189
-21.5,0.0,48191
-31.0,0.0,48195
33.5,23.0,48199
-2.5,-7.0,48201
14.0,0.0,48203
-17.0,0.0,48205
-11.0,0.0,48207
14.0,-30.0,48209
14.0,0.0,48213
25.0,-91.0,48215
-16.5,0.0,48217
-20.0,3.0,48219
-2.5,0.0,48221
5.5,0.0,48223
11.0,0.0,48225
22.5,0.0,48229
11.5,0.0,48233
3.0,0.0,48235
7.5,0.0,48237
14.0,5.0,48241
80.5,3.0,48243
17.0,0.0,48245
42.0,-305.0,48249
0.5,0.0,48251
-11.5,0.0,48253
-8.0,0.0,48257
16.5,-48.0,48259
27.5,-249.0,48261
-19.5,0.0,48263
-16.5,0.0,48265
0.0,0.0,48267
-8.5,0.0,48269
27.5,-71.0,48271
33.0,-153.0,48273
-13.5,3.0,48275
2.5,0.0,48277
-17.0,0.0,48279
33.5,-155.0,48283
14.0,5.0,48285
13.5,3.0,48287
3.0,0.0,48289
14.0,20.0,48291
-28.0,0.0,48295
44.5,-229.0,48297
-2.5,0.0,48299
-31.0,0.0,48303
-25.0,0.0,48305
-16.5,0.0,48307
-5.5,0.0,48309
44.5,-203.0,48311
16.5,0.0,48313
3.0,0.0,48315
2.5,-8.0,48319
25.5,-53.0,48321
30.5,-101.0,48325
25.0,0.0,48327
-30.0,10.0,48329
14.0,0.0,48333
-3.0,0.0,48337
17.0,33.0,48339
-30.5,0.0,48341
6.0,0.0,48343
-19.5,0.0,48345
8.5,0.0,48347
-6.0,0.0,48349
-5.5,0.0,48353
30.5,-177.0,48355
-22.0,0.0,48359
14.0,2.0,48361
0.0,0.0,48365
-13.5,0.0,48367
-20.0,0.0,48369
47.5,3.0,48371
-27.5,0.0,48375
5.5,0.0,48377
11.5,0.0,48379
-17.0,0.0,48381
17.0,13.0,48383
0.0,-51.0,48385
30.5,0.0,48389
44.5,-262.0,48391
13.5,0.0,48399
6.0,0.0,48401
16.5,0.0,48405
38.5,-386.0,48409
0.0,0.0,48411
36.5,-15.0,48413
-19.0,3.0,48415
-19.5,0.0,48417
13.5,0.0,48419
-36.0,0.0,48421
0.0,0.0,48423
-2.5,0.0,48425
11.0,-112.0,48427
0.0,0.0,48429
14.0,0.0,48431
-14.0,0.0,48433
28.0,0.0,48435
-31.0,0.0,48437
-8.5,0.0,48439
-22.0,0.0,48441
22.0,-20.0,48443
-20.0,10.0,48445
5.5,0.0,48449
30.0,0.0,48451
8.5,-51.0,48453
0.0,33.0,48457
17.0,0.0,48459
36.0,0.0,48461
16.5,0.0,48465
-13.5,0.0,48467
24.5,-244.0,48469
17.0,18.0,48471
-22.0,8.0,48475
11.0,5.0,48477
33.5,-132.0,48479
-11.5,-30.0,48481
-2.5,0.0,48483
-13.5,0.0,48485
36.0,-94.0,48489
0.0,-3.0,48491
33.0,-89.0,48493
-11.0,0.0,48495
11.0,0.0,48497
8.5,0.0,48499
11.5,26.0,48501
25.0,-216.0,48505
-55.5,0.0,49001
0.0,0.0,49003
-8.5,0.0,49005
0.0,0.0,49007
-73.0,-51.0,49009
-36.0,0.0,49011
-60.5,-25.0,49013
-55.5,0.0,49015
-79.5,51.0,49017
-2.5,0.0,49019
-89.0,0.0,49021
-83.5,0.0,49023
-22.5,0.0,49025
13.5,0.0,49027
-44.0,-25.0,49029
-87.5,0.0,49031
5.5,0.0,49033
-43.5,-25.0,49035
-14.0,0.0,49037
-54.0,0.0,49039
-76.0,0.0,49041
-83.0,0.0,49043
6.0,0.0,49045
25.0,0.0,49047
-48.0,0.0,49049
-52.0,25.0,49051
-112.0,0.0,49053
-47.5,0.0,49055
-22.0,0.0,49057
14.0,0.0,50001
8.5,0.0,50003
17.0,5.0,50005
8.0,3.0,50007
25.0,2.0,50009
19.5,0.0,50011
5.5,15.0,50013
28.0,7.0,50015
8.5,-8.0,50017
16.5,61.0,50019
19.0,3.0,50021
11.5,0.0,50023
31.0,-15.0,50025
0.0,-15.0,50027
13.0,0.0,51001
55.5,0.0,51003
47.0,0.0,51005
55.5,0.0,51011
50.0,0.0,51017
44.5,0.0,51027
66.5,0.0,51031
36.5,0.0,51033
55.5,0.0,51037
58.5,0.0,51049
53.0,0.0,51051
58.5,0.0,51059
58.0,0.0,51061
52.5,0.0,51063
64.0,5.0,51065
52.5,0.0,51067
28.0,0.0,51069
41.5,0.0,51071
70.0,0.0,51077
61.0,5.0,51083
8.0,0.0,51085
18.5,0.0,51087
-5.0,0.0,51091
42.0,0.0,51097
25.0,0.0,51101
74.5,0.0,51107
22.0,0.0,51109
64.0,0.0,51115
53.0,10.0,51117
58.5,0.0,51121
64.0,0.0,51125
61.5,13.0,51135
-5.5,0.0,51137
66.5,0.0,51139
63.5,0.0,51141
64.0,0.0,51143
72.5,0.0,51145
89.5,13.0,51149
53.0,0.0,51155
74.5,0.0,51163
72.0,0.0,51165
50.0,0.0,51167
61.0,0.0,51171
63.5,0.0,51173
5.0,0.0,51179
8.0,0.0,51183
44.5,0.0,51185
53.0,0.0,51187
56.0,0.0,51191
75.0,0.0,51195
64.0,0.0,51197
16.5,0.0,51199
52.5,140.0,51550
13.5,0.0,51590
52.5,0.0,51630
53.0,0.0,51670
63.5,0.0,51683
78.0,0.0,51690
25.0,0.0,51700
30.5,0.0,51710
-5.5,0.0,51730
-8.0,0.0,51770
19.5,0.0,51790
25.0,0.0,51800
30.5,0.0,51810
60.5,0.0,51820
55.5,0.0,51840
3.0,0.0,53001
-9.0,0.0,53003
16.5,0.0,53005
-20.0,-48.0,53007
11.5,0.0,53009
-2.5,0.0,53011
14.5,0.0,53013
5.0,0.0,53015
2.5,0.0,53017
-15.5,0.0,53019
20.0,0.0,53021
-3.5,0.0,53023
13.5,0.0,53025
8.0,0.0,53027
5.5,0.0,53029
-3.0,0.0,53031
13.5,0.0,53033
-6.0,0.0,53035
46.5,0.0,53037
5.0,0.0,53039
18.5,0.0,53041
30.5,0.0,53043
8.5,0.0,53045
-6.5,0.0,53047
11.0,0.0,53049
-23.0,0.0,53051
-4.5,0.0,53053
0.0,0.0,53055
-18.5,-51.0,53057
14.0,0.0,53059
-8.0,0.0,53061
-8.5,0.0,53063
2.5,0.0,53065
0.0,0.0,53067
19.5,0.0,53069
14.0,0.0,53071
-5.5,0.0,53073
0.0,0.0,53075
11.0,0.0,53077
52.5,0.0,54003
33.0,5.0,54005
25.5,3.0,54007
19.5,0.0,54011
25.0,0.0,54013
13.5,0.0,54017
19.5,0.0,54021
36.0,0.0,54023
34.0,0.0,54025
44.5,0.0,54027
19.0,0.0,54029
58.0,0.0,54031
8.0,0.0,54033
38.5,0.0,54035
30.5,0.0,54039
19.5,10.0,54041
30.5,0.0,54045
14.0,0.0,54049
5.0,0.0,54051
16.5,0.0,54053
-8.5,0.0,54055
31.0,0.0,54057
16.5,8.0,54061
36.0,0.0,54065
44.5,10.0,54067
11.0,0.0,54069
5.0,0.0,54073
47.0,0.0,54075
19.5,2.0,54077
42.0,0.0,54079
-3.0,0.0,54081
33.0,15.0,54083
16.5,0.0,54085
14.0,0.0,54087
28.0,0.0,54089
14.0,0.0,54091
44.5,25.0,54093
16.5,0.0,54095
49.5,20.0,54097
-3.0,0.0,54099
41.5,25.0,54101
5.5,8.0,54103
2.5,0.0,54107
61.0,0.0,54109
0.0,0.0,55001
-5.5,0.0,55003
-19.0,0.0,55005
3.0,0.0,55007
-8.0,0.0,55009
-13.5,0.0,55011
-27.5,0.0,55013
-5.5,0.0,55015
-8.5,0.0,55017
3.0,0.0,55019
-5.5,0.0,55021
5.5,0.0,55023
-8.5,0.0,55025
3.0,0.0,55027
3.0,0.0,55029
-5.5,0.0,55031
-11.5,0.0,55033
6.0,0.0,55035
-16.0,0.0,55037
-14.0,0.0,55039
8.5,0.0,55043
-5.5,0.0,55045
16.5,0.0,55047
0.5,0.0,55049
-11.0,3.0,55051
-5.5,0.0,55053
3.0,0.0,55055
8.5,0.0,55057
-8.0,0.0,55059
-5.5,0.0,55061
6.0,0.0,55063
-7.5,0.0,55065
0.0,3.0,55069
-19.5,0.0,55071
-13.5,0.0,55073
8.0,0.0,55075
6.0,0.0,55077
-19.0,0.0,55079
11.5,0.0,55081
8.5,0.0,55083
-16.5,0.0,55085
-2.5,0.0,55087
-5.5,0.0,55089
-19.5,0.0,55091
-21.5,0.0,55093
-33.5,0.0,55095
-2.5,0.0,55097
-0.5,0.0,55099
-2.5,0.0,55101
-3.0,0.0,55105
2.5,0.0,55107
-19.5,0.0,55109
0.5,0.0,55111
-19.5,0.0,55113
5.5,0.0,55115
-5.5,0.0,55117
-3.0,0.0,55119
-6.0,0.0,55121
2.5,0.0,55123
-19.5,0.0,55125
-2.5,0.0,55127
-11.0,0.0,55129
0.0,0.0,55131
8.5,0.0,55133
-5.5,0.0,55135
-5.5,0.0,55137
-5.5,0.0,55139
2.5,3.0,55141
-70.5,25.0,56001
-2.0,0.0,56003
-2.5,0.0,56005
3.0,0.0,56007
-16.5,0.0,56009
-27.5,0.0,56011
6.0,0.0,56013
-36.0,0.0,56015
-10.0,-25.0,56017
-7.5,25.0,56019
-30.5,0.0,56021
-3.0,0.0,56023
-14.0,0.0,56025
-16.5,0.0,56027
-17.5,0.0,56029
-6.0,0.0,56031
-56.0,0.0,56033
-26.5,0.0,56035
-22.5,0.0,56037
-10.5,25.0,56039
-27.5,0.0,56041
-44.5,0.0,56043
-61.0,0.0,56045
